presenca,presLed,luminosidade,luzLed
8.461538462,204,726.2,248.625
9.607843137,255,724.627451,245
9.272727273,231.8181818,716.3888889,231.3888889
10,255,688.0769231,196.1538462
4.8,0,726.6,255
9.744680851,244.1489362,716.2340426,244.1489362
10,255,725.5675676,248.1081081
9.285714286,224.6428571,726.1428571,249.0697674
9.777777778,255,725.0222222,243.4090909
9.130434783,199.5652174,726.8695652,249.4565217
9.782608696,255,723.7391304,243.9130435
9.361702128,227.8723404,724.8297872,249.5744681
8.47826087,200.7446809,713.9148936,222.4468085
9.375,227.8723404,723.4042553,239.0625
8.723404255,196.5625,715.6458333,227.8723404
6.47826087,90.66666667,706.7777778,221
8.52173913,199.5652174,694.5319149,168.1914894
7.916666667,148.75,692.9574468,200.7446809
9.574468085,227.8723404,701.0212766,227.8723404
9.565217391,227.2826087,696,217.0212766
8.222222222,170,703.1111111,226.0227273
9.268292683,223.902439,702.6829268,242.5609756
8.333333333,175.3125,697.2083333,207.1875
7.234042553,173.6170213,695.5319149,200.7446809
9.166666667,201.875,704.1041667,228.4375
10,255,700.5416667,218.5714286
9.84,255,688.7,202.9591837
9.56,255,715.0588235,250
8.571428571,202.9591837,710.0208333,244.5918367
9.183673469,228.9795918,710,244.375
9.489361702,233.2978723,695.9787234,184.4680851
9.458333333,249.6875,712.5208333,249.6875
8.541666667,171.7346939,687.5306122,187.3469388
5.538461538,32.69230769,691.1282051,124.2307692
4.583333333,10.85106383,696.4893617,135.6382979
5.5,70.125,726.15,255
5.608695652,37.9787234,729.2553191,255
4.765957447,16.63043478,721.8695652,255
4.888888889,28.33333333,714.6666667,249.4565217
4.869565217,0,712.1521739,221.7391304
5.333333333,28.33333333,709.6444444,255
5.304347826,0,719.1086957,243.9130435
4,0,646,170
4.311111111,0,633.4666667,0
4.638297872,0,625.6666667,0
8.042553191,166.3043478,656.8695652,155.2173913
10,255,712.9555556,243.6666667
8.723404255,200.7446809,714.7608696,249.5744681
10,255,706.2432432,240.8333333
7.222222222,141.6666667,715.2222222,201.3157895
8.333333333,175.3125,715.4166667,227.8723404
10,255,713.6382979,238.7234043
10,255,712.7021277,238.7234043
9.574468085,227.8723404,717.173913,222.4468085
10,255,718.8085106,244.1489362
9.574468085,227.8723404,716,243.9130435
10,255,711.2173913,227.2826087
8.936170213,200.7446809,696.2916667,127.5
9.787234043,255,716.4782609,232.826087
10,255,691.7333333,141.6666667
8.936170213,200.7446809,712.3191489,244.1489362
9.565217391,227.2826087,706.5434783,211.5957447
9.230769231,222.3076923,710,234.8684211
9.574468085,227.8723404,718.5957447,244.1489362
10,255,721.0208333,249.6875
10,255,712.6818182,243.4090909
10,255,711.5714286,247.7142857
10,255,712.5869565,243.9130435
9.574468085,227.8723404,715.5531915,249.5744681
9.787234043,255,713.4042553,244.375
10,255,712.4468085,238.7234043
10,255,718.0833333,249.5744681
9.347826087,227.2826087,713.6086957,243.9130435
10,255,715.2,249.3333333
10,255,719.7857143,242.8571429
9.361702128,227.8723404,722.2553191,249.5744681
9.302325581,225.3488372,720.9767442,243.1395349
8.461538462,191.25,722.95,248.625
7.377777778,156.4772727,723.4090909,249.3333333
9.288888889,209.6666667,722.8222222,243.4090909
9.523809524,224.6428571,715.3809524,236.7857143
9.727272727,237.6136364,712.0909091,243.4090909
9.813953488,243.1395349,710.2790698,249.0697674
9.872340426,255,711.2765957,244.375
9.688888889,255,711.673913,249.3333333
9.574468085,255,711.4130435,243.9130435
10,255,711.8085106,249.5744681
10,255,708.6829268,242.5609756
9.583333333,228.4375,709.9574468,249.5744681
9.617021277,244.1489362,708.8085106,244.1489362
9.106382979,211.5957447,708.106383,249.5744681
10,255,709.7708333,244.375
10,255,711.9787234,244.1489362
10,255,712.9148936,249.5744681
10,255,709.8222222,243.9130435
10,255,712.5319149,249.4565217
9.574468085,228.4375,707.9361702,244.1489362
9.574468085,227.2826087,712.2608696,249.4565217
10,255,714.3404255,244.375
10,255,713.5531915,249.5744681
10,255,709.2553191,243.9130435
9.487179487,222.3076923,702.6666667,222.3076923
10,255,709.8913043,243.9130435
10,255,713.0208333,249.7959184
9.916666667,255,707.5102041,244.375
9.458333333,228.4375,710.8085106,249.5744681
10,255,712,244.1489362
10,255,713.7755102,244.5918367
10,255,715.8,249.9
9.707317073,255,712.75,248.625
8.978723404,227.8723404,713.4166667,244.375
10,255,712.5106383,249.5744681
10,255,713.5641026,241.9230769
9.545454545,226.0227273,713.3953488,243.1395349
10,255,708.7380952,243.1395349
10,255,712.1,249.7959184
9.6,229.5,714.9,244.8
9.583333333,228.4375,705.9791667,223.125
10,255,711.2244898,249.7959184
10,255,715.0208333,244.375
9.591836735,228.9795918,715.5714286,244.5918367
10,255,715.8409091,249.2045455
10,255,715.7446809,244.1489362
10,255,717.4489796,249.9
10,255,716.375,244.1489362
10,255,718.3617021,249.6875
10,255,714.4418605,242.8571429
10,255,716.6818182,249.2045455
10,255,715.1956522,243.9130435
10,255,716.6595745,249.5744681
9.555555556,226.6666667,715.4888889,243.6666667
10,255,717.9347826,249.4565217
9.583333333,228.4375,707.4166667,223.125
10,255,716.4042553,244.1489362
9.066666667,198.3333333,719.1777778,249.3333333
9.833333333,255,718.5416667,244.375
9.6,255,720.2222222,249.3333333
9.958333333,255,714.9791667,239.3877551
9.387755102,228.9795918,715.3877551,244.375
10,255,714.212766,244.1489362
10,255,716.6666667,244.375
9.166666667,201.875,698.6041667,175.3125
8.75,201.875,614.5416667,0
10,255,614.195122,0
9.6,229.5,629.36,0
9.574468085,227.8723404,629.8085106,0
9.375,228.4375,623.875,0
9.14893617,200.7446809,629.2765957,0
10,255,622.8958333,0
10,255,607.6458333,0
9.361702128,227.8723404,619.4893617,0
9.591836735,228.4375,625.25,0
9.555555556,226.6666667,622.0444444,0
9.574468085,227.8723404,628.1914894,0
9.583333333,228.4375,630.3958333,0
10,255,629.1702128,0
9.130434783,199.5652174,628.826087,0
10,255,631.5208333,0
10,255,622.9787234,0
10,255,627.4693878,0
10,255,615.1041667,0
10,255,520.4166667,0
10,255,619.4468085,0
10,255,629.0638298,0
10,255,610.68,0
10,255,604.4285714,0
10,255,604.9148936,0
10,255,607.2708333,0
10,255,606.8510638,0
10,255,605,0
9.791666667,255,592.4166667,0
10,255,601.5102041,0
10,255,620.1914894,0
9.795918367,255,618.8163265,0
10,255,616.2244898,0
9.6,229.5,612.6122449,0
10,255,618.9555556,0
10,255,618.4791667,0
10,255,610.625,0
10,255,582.2857143,0
9.272727273,208.6363636,578.2444444,0
9.836734694,244.5918367,572.625,0
9.574468085,227.8723404,572.1276596,0
10,255,578.1304348,0
8.958333333,228.4375,578.3829787,0
9.534883721,225.3488372,578.4090909,0
9.583333333,228.4375,572.7659574,0
10,255,576.6808511,0
9.545454545,226.6666667,564.5111111,0
10,255,574.125,0
10,255,571.9268293,0
10,255,576.92,0
10,255,575.3478261,0
10,255,580.6808511,0
10,255,606,0
10,255,637.3333333,0
10,255,640.2653061,0
9.791666667,255,643.2553191,0
9.090909091,226.0227273,646.1818182,0
9.534883721,226.0227273,653.8181818,0
9.777777778,255,648.9111111,0
10,255,650.5319149,0
10,255,663,0
9.111111111,198.3333333,596.3913043,0
8.608695652,194.0217391,138.3555556,0
9.627906977,231.2790698,136.0465116,0
8.666666667,170,136.4,0
10,255,137.5217391,0
8.833333333,201.875,137.875,0
9.130434783,205.1086957,138,0
8.318181818,191.25,137.6818182,0
9.591836735,228.9795918,139.1836735,0
8.717948718,222.3076923,138.0769231,0
10,255,137.3333333,0
7.317073171,130.6097561,138.7560976,0
7.380952381,106.744186,138.7906977,0
8.489795918,166.5306122,138.3265306,0
7.304347826,110.8695652,120.9347826,0
8.76,192.5510204,27.55102041,0
8.636363636,168.0681818,24.13636364,0
9.317073171,211.4634146,23.80487805,0
8.093023256,148.255814,23.6744186,0
8.619047619,212.5,23.5952381,0
8.487804878,174.1463415,23.3902439,0
9.75,255,23.325,0
9.024390244,223.902439,23.17073171,0
8.8,229.5,23.16,0
9,217.8125,23.375,0
8.765957447,185.9375,23.25,0
7.644444444,170,23.11111111,0
8.914285714,255,23.02941176,0
9.024390244,194.2857143,23.14285714,0
9.8,255,23.04081633,0
8.75,201.875,22.97916667,0
9.25,223.125,23.175,0
8.333333333,184.1666667,22.94444444,0
8.15,197.625,23.02439024,0
7.428571429,145.7142857,23,0
9.333333333,226.6666667,22.97777778,0
9.777777778,255,23,0
9.268292683,223.902439,23.05,0
8,204,23.04,0
8.540540541,213.6486486,23.13513514,0
7.9375,143.4375,23.28125,0
8.114285714,182.1428571,23.25714286,0
8.3125,175.3125,23.12121212,0
7.764705882,150,23.15151515,0
8.315789474,150.3846154,23.12820513,0
9.466666667,255,23.18181818,0
8.311111111,198.3333333,23.04347826,0
8.592592593,207.7777778,23.23076923,0
8,255,23,0
9.388888889,255,23.13888889,0
9.130434783,227.8723404,23.08510638,0
9.523809524,223.902439,23.23809524,0
6.923076923,124.2307692,23.31578947,0
9.365853659,223.902439,23.2195122,0
7.714285714,182.1428571,23.22857143,0
8.058823529,165,23.29411765,0
8.545454545,231.8181818,23.24242424,0
9.166666667,219.5833333,23.36111111,0
8.342857143,174.8571429,23.11111111,0
7.212121212,146.8181818,23.15625,0
8.272727273,197.0454545,23.22727273,0
9.875,255,23.25,0
8.142857143,166.0465116,23.37209302,0
9.333333333,226.0227273,23.38636364,0
8.52173913,171.8478261,23.5,0
9.106382979,227.8723404,23.35416667,0
9.574468085,227.8723404,23.34782609,0
9.5,223.125,23.375,0
8.19047619,170,23.28571429,0
8.333333333,194.2857143,23.30232558,0
8.893617021,217.0212766,23.47826087,0
8.782608696,194.0217391,23.74468085,0
9.346938776,219.3,23.83673469,0
8.958333333,200.7446809,23.79166667,0
7.627906977,148.255814,24,0
9.608695652,243.9130435,23.84782609,0
9.583333333,228.4375,23.57142857,0
8.3,146.625,23.6,0
9.255813953,207.5581395,23.5,0
9.583333333,228.4375,23.77083333,0
9.591836735,255,23.57142857,0
8.595744681,179.0425532,23.63829787,0
8.619047619,182.1428571,23.3255814,0
8.782608696,205.1086957,23.71111111,0
8.163265306,202.9591837,23.6122449,0
7.869565217,160.7608696,23.58695652,0
7.636363636,179.6590909,23.93181818,0
8.227272727,197.0454545,23.75,0
6.341463415,68.41463415,23.80487805,0
8.444444444,198.3333333,24.04444444,0
8.260869565,171.8478261,24,0
8.695652174,227.2826087,24.13043478,0
8.8,229.5,23.96,0
9.043478261,205.1086957,23.91304348,0
8.146341463,155.4878049,23.97560976,0
8.604651163,166.0465116,23.27272727,0
9.6,229.5,23.2244898,0
9.583333333,228.4375,23.2244898,0
8.775510204,202.9591837,23.3125,0
8.833333333,201.875,23.27083333,0
7.911111111,171.8478261,23.13043478,0
6.363636364,110.1136364,23.29545455,0
7.608695652,170,23.24444444,0
9.083333333,223.125,23.25,0
8,156.122449,23.10204082,0
8.723404255,171.8478261,23.23913043,0
7.857142857,194.2857143,23.20930233,0
6.954545455,139.0909091,23.34883721,0
7.285714286,163.9285714,23.34883721,0
8.090909091,150.6818182,23.41860465,0
8.651162791,213.4883721,23.3255814,0
9.25,207.1875,23.35416667,0
9.914893617,249.6875,23.39583333,0
8.260869565,170,23.22222222,0
8.869565217,210.6521739,23.23913043,0
8.25,159.375,23.33333333,0
8.25,154.0625,23.44897959,0
8.708333333,191.25,23.29787234,0
6.680851064,157.3404255,23.53191489,0
8.177777778,170,23.33333333,0
7.822222222,198.3333333,23.26666667,0
8.652173913,171.8478261,23.5,0
9.183673469,202.9591837,23.30612245,0
9.416666667,217.8125,23.45833333,0
7.571428571,115.3571429,23.28571429,0
7.894736842,120.7894737,23.42105263,0
8.604651163,166.0465116,23.55813953,0
7,127.5,23.475,0
8.368421053,201.3157895,23.5,0
7.853658537,149.2682927,23.43902439,0
8.3,191.25,23.375,0
8.325581395,166.0465116,23.53488372,0
8.577777778,170,23.53333333,0
8,175.3125,23.58333333,0
7.956521739,138.5869565,23.65217391,0
8.653061224,208.1632653,23.57142857,0
8.775510204,204,23.6,0
9.387755102,228.4375,23.625,0
8.16,188.7,23.58,0
9.173913043,244.1489362,23.55319149,0
8.510638298,171.8478261,23.60869565,0
9.166666667,201.875,23.72916667,0
7.87755102,161.3265306,23.65306122,0
8.590909091,231.8181818,23.70454545,0
8.311111111,170,23.77777778,0
7.866666667,170,23.8,0
9.125,212.5,23.625,0
8.936170213,201.875,23.79166667,0
7.787234043,149.673913,23.82608696,0
7.658536585,186.5853659,23.63414634,0
8.790697674,207.5581395,23.79069767,0
8.978723404,217.0212766,23.70212766,0
8.409090909,168.0681818,23.75,0
8.979591837,202.9591837,23.78,0
8.897959184,202.9591837,23.77083333,0
8.833333333,228.4375,23.83333333,0
8.636363636,226.0227273,23.77272727,0
8.952380952,188.2142857,23.76744186,0
8,142.3255814,23.9047619,0
8.476190476,188.2142857,23.79069767,0
7.555555556,141.6666667,23.93181818,0
7.818181818,173.8636364,24.09090909,0
7.063829787,108.5106383,23.78723404,0
8.085106383,157.3404255,23.80851064,0
9.306122449,213.3673469,23.89795918,0
8.553191489,189.893617,23.80851064,0
8.083333333,159.375,23.85416667,0
8.651162791,183.8372093,23.81395349,0
8.181818182,170,23.86666667,0
9.069767442,194.2857143,23.76190476,0
8.780487805,192.804878,23.85365854,0
8.510638298,173.6170213,23.87234043,0
9.2,204,23.94,0
8.977777778,249.3333333,23.93478261,0
6.8,119,23.88636364,0
8.181818182,197.0454545,23.93181818,0
8.536585366,192.804878,23.90243902,0
7.581395349,171.9767442,23.97727273,0
7.902439024,155.4878049,23.95,0
8.043478261,171.8478261,24.12765957,0
8.571428571,202.9591837,23.97916667,0
8.636363636,197.0454545,23.97727273,0
8.048780488,161.7073171,23.92682927,0
9.14893617,200.7446809,23.91489362,0
8.355555556,170,23.91111111,0
8.85106383,200.7446809,23.91489362,0
8.595744681,195.3191489,23.93617021,0
9.217391304,205.1086957,23.93617021,0
8.75,202.9591837,23.97916667,0
10,255,23.91836735,0
8.163265306,150.9183673,23.97959184,0
8.2,204,23.92,0
9.375,228.4375,23.89583333,0
9.574468085,227.8723404,23.9787234,0
8.444444444,199.5652174,23.95652174,0
9.591836735,228.4375,23.95833333,0
7.56,137.7,23.98,0
8.166666667,138.125,24,0
8.382978723,200.7446809,23.95744681,0
7.958333333,140.5102041,23.97959184,0
8.697674419,206.4285714,23.9047619,0
10,255,23.97959184,0
9.574468085,255,23.93617021,0
7.777777778,170,23.93333333,0
7.5,159.375,23.925,0
6.864864865,100.6578947,23.92105263,0
6.888888889,182.1428571,24,0
8.666666667,209.2307692,23.975,0
9.565217391,255,23.97777778,0
8.666666667,198.3333333,23.93333333,0
8.80952381,194.2857143,24.11904762,0
9.024390244,223.902439,23.97560976,0
9.333333333,226.6666667,23.95555556,0
9.787234043,255,24,0
8.085106383,175.3125,24,0
8.958333333,200.7446809,24.0212766,0
7.511111111,124.6666667,23.97777778,0
8.380952381,212.5,23.97619048,0
7.105263158,87.23684211,24,0
8.666666667,170,24,0
7.617021277,151.9148936,24.0212766,0
8.577777778,198.3333333,24,0
8.545454545,197.0454545,24.02272727,0
8.347826087,173.6170213,24,0
8.80952381,255,23.95121951,0
9.125,212.5,24.08333333,0
9.404255319,217.0212766,24.0212766,0
9.913043478,249.4565217,24.04347826,0
9.217391304,232.826087,24.04347826,0
8.818181818,197.0454545,23.97727273,0
8.619047619,195.6976744,24.04651163,0
9.361702128,227.2826087,24.02173913,0
9.791666667,255,24.02083333,0
9.302325581,225.3488372,24.02325581,0
8.695652174,171.8478261,24,0
8.913043478,227.8723404,24.06382979,0
10,255,24.12765957,0
10,255,24.0212766,0
8.913043478,199.5652174,24.02173913,0
10,255,24.11627907,0
8.913043478,199.5652174,24.15555556,0
9.7,242.25,24.25,0
8.977777778,226.6666667,24.37777778,0
9.744680851,238.7234043,24.40425532,0
9.574468085,227.8723404,24.59574468,0
8.625,180.625,24.89583333,0
8.355555556,192.6666667,24.76086957,0
8.040816327,176.9387755,24.73469388,0
8.833333333,228.4375,24.9787234,0
9.3,255,25,0
8.541666667,175.3125,25.14893617,0
7.608695652,171.8478261,25.17391304,0
8.333333333,148.75,25.625,0
8.510638298,173.6170213,25.93617021,0
8.723404255,200.7446809,26.08510638,0
9.166666667,201.875,26.70833333,0
8.5,185.9375,27.20833333,0
8.127659574,217.0212766,27.95744681,0
7.291666667,159.375,28.89795918,0
8.326530612,182.1428571,30.25,0
7.76,137.7,31.82,0
7.391304348,155.2173913,34.19565217,0
8.08,193.8,37.26,0
7.87755102,150.9183673,41.55102041,0
7.531914894,119.3617021,46.59574468,0
9.625,244.375,51.70833333,0
7.795918367,156.122449,57.38,0
9.5,233.75,63.14893617,0
8.6,178.5,69.26,0
8.382978723,191.25,77.52083333,0
8.041666667,184.4680851,86.54166667,0
7.958333333,164.6875,96.72340426,0
8.723404255,211.5957447,109.1489362,0
8.12244898,176.9387755,122.9183673,0
9.166666667,201.875,134.1666667,0
8.510638298,173.6170213,140.3829787,0
9.787234043,255,143.4375,0
8.765957447,216.1956522,149.0434783,0
8.291666667,159.375,158.25,0
7.8,153,170.26,0
9.130434783,199.5652174,183.7391304,0
8.775510204,176.9387755,198.2244898,0
8.166666667,159.375,214.2040816,0
8.468085106,189.893617,233.7021277,0
7.333333333,132.8125,259.212766,0
7.875,164.6875,287.5,0
8.571428571,202.9591837,315.7755102,0
7.565217391,144.1304348,342.0652174,0
8.816326531,228.9795918,367.6122449,0
7.959183673,150.9183673,392.4693878,0
6.979591837,109.2857143,415.6938776,0
7.565217391,135.6382979,437.3191489,0
8.6,202.9591837,458.9591837,0
8.708333333,191.25,479.4791667,0
9,212.5,499.755102,0
8,176.9387755,517.8333333,0
7.130434783,119.3617021,535.5744681,0
9.333333333,233.75,552.1041667,0
9.265306122,212.5,567.3469388,0
8.489795918,187.3469388,581.2291667,0
7.958333333,148.75,593.1041667,0
8.244897959,176.9387755,605.0612245,0
6.166666667,69.0625,616.8333333,0
9.083333333,207.1875,628.7916667,0
8.208333333,143.4375,641.25,0
8.958333333,201.875,653.0625,0
7.125,159.375,664.877551,0
7.96,168.3,675.4489796,0
7.446808511,146.4893617,683.6041667,0
8.695652174,199.5652174,689.0869565,0
8.583333333,175.3125,692.9787234,0
7.347826087,116.4130435,697,0
8.142857143,151.7857143,699.8333333,35.58139535
9.304347826,210.6521739,702.5869565,255
8.227272727,185.4545455,706.5454545,255
8.341463415,205.2439024,710.1666667,255
7.636363636,141.6666667,715.2045455,255
7.916666667,173.6170213,721.5106383,255
8.510638298,200.7446809,727.212766,255
7.863636364,187,733.4,255
7.531914894,182.9347826,740.4565217,255
8.041666667,143.4375,746.5625,255
7.875,132.8125,753.9791667,255
7.333333333,143.4375,762.25,255
7.957446809,146.4893617,770.0851064,255
7.673469388,187.3469388,775.5306122,255
6.857142857,104.0816327,783.6122449,255
8.708333333,185.9375,791.6875,255
7.208333333,159.375,800.7916667,255
6.708333333,164.6875,809.2244898,255
7.183673469,176.9387755,816.0208333,255
7.043478261,138.5869565,822.212766,255
8.489795918,208.1632653,826.25,255
6.553191489,81.38297872,832.5319149,255
7.958333333,159.375,837.9583333,255
7.872340426,173.6170213,843.9361702,255
9.090909091,197.0454545,847.5227273,255
9.744680851,238.7234043,851.3958333,255
9.04,193.8,855.9591837,255
8.936170213,227.8723404,861.8085106,255
8.408163265,202.9591837,867.3469388,255
7.125,138.125,873.3541667,255
7.617021277,157.3404255,879.7659574,255
8.93877551,204,888.48,255
7.791666667,141.0638298,894.5531915,255
7.84,153,896.6,255
7.04,107.1,898.26,255
6.12,70,880.3137255,255
7.673469388,159.375,848.0204082,255
9.632653061,255,849.8541667,255
8,155,884.7647059,255
7.791666667,150.9183673,907.3469388,255
8.156862745,178.5,904.1,255
8.326530612,161.3265306,881.5918367,255
6.96,127.5,868.6,255
8,164.6875,873.5306122,255
7.755102041,124.8979592,857.875,255
9.361702128,227.8723404,847.4893617,255
9.375,228.4375,855.5833333,255
9.565217391,227.2826087,840.173913,255
9.14893617,200.7446809,820.7234043,255
8.979591837,202.9591837,813.2244898,255
7.826086957,173.6170213,810.4042553,255
10,255,801.8666667,255
9.224489796,218.5714286,803.875,255
9.744680851,238.7234043,805.8297872,255
9.565217391,227.8723404,804.2340426,255
9.705882353,247.2727273,815.0606061,255
9.069767442,237.6136364,810.7045455,255
8.260869565,170,801.2608696,255
9.302325581,225.3488372,802.047619,255
7.608695652,146.4893617,803.0425532,255
9.555555556,255,803.4666667,255
9.555555556,226.6666667,806.4090909,255
9.574468085,227.8723404,805.9375,255
9.361702128,227.8723404,809.2173913,255
8.695652174,171.8478261,812.212766,255
8.863636364,197.0454545,815.3953488,255
7.708333333,148.75,819.0208333,255
8.869565217,182.9347826,823.3478261,255
8.488888889,158.6666667,830.5777778,255
9.111111111,226.6666667,842.3333333,255
7.872340426,173.6170213,860.9361702,255
7.904761905,151.7857143,878.8333333,255
9.319148936,212.5,925.0625,255
10,255,936.8478261,255
9.545454545,226.0227273,939.9318182,255
8.577777778,202.8409091,940.1590909,255
8.088888889,164.3333333,941.0444444,255
10,255,941.673913,255
9.489361702,221.7391304,941.826087,255
9.644444444,232.826087,933.4782609,255
9.347826087,226.6666667,918.5777778,255
9.534883721,225.3488372,880,255
10,255,864.1111111,255
9.2,202.8409091,851.7272727,255
7.956521739,141.0638298,845.7021277,255
9.777777778,255,845.25,255
9.565217391,227.2826087,848.2608696,255
9.555555556,227.2826087,854.2391304,255
10,255,860.1333333,255
9.130434783,255,872.0434783,255
10,255,869.5813953,255
10,255,870.2888889,255
10,255,843.1956522,255
10,255,833.7391304,255
9.130434783,198.3333333,827.2173913,255
9.574468085,227.8723404,821.8695652,255
9.565217391,227.2826087,818.4347826,255
8.666666667,225.3488372,816.627907,255
8.772727273,195.6976744,816.0232558,255
9.333333333,227.2826087,816.2173913,255
9.782608696,255,816.9333333,255
10,255,816.9565217,255
10,255,816.2391304,255
10,255,815.0909091,255
10,255,813.5227273,255
9.733333333,238,811.3333333,255
9.818181818,243.4090909,809.1555556,255
9.534883721,225.3488372,807.2380952,255
9.130434783,227.2826087,806.6086957,255
9.565217391,227.8723404,807.106383,255
10,255,809.6222222,255
10,255,813.3829787,255
10,255,817.6428571,255
10,255,821.8863636,255
10,255,825.6,255
10,255,828.2391304,255
9.555555556,226.6666667,830.6666667,255
9.022222222,198.3333333,833.5777778,255
8.636363636,191.25,834.5681818,255
9.162790698,202.8409091,838.7272727,255
9.361702128,227.2826087,840.5869565,255
9.565217391,227.2826087,842,255
9.217391304,227.8723404,841.9148936,255
9,195.6976744,840,255
8.666666667,198.3333333,835.6304348,255
9.333333333,226.6666667,830.0909091,255
8.863636364,197.0454545,825.3863636,255
9.318181818,226.0227273,821.2272727,255
9.574468085,227.8723404,816.9787234,255
10,255,812.6818182,255
9.302325581,225.3488372,808.5454545,255
9.565217391,227.2826087,805.3777778,255
9.545454545,255,802.3409091,255
9.565217391,255,799.0652174,255
8.243902439,163.9285714,795.547619,255
8.744186047,200.3571429,793.1904762,255
9.227272727,220.2272727,791.6136364,255
9.565217391,227.2826087,791.4130435,255
9.534883721,225.3488372,792.5581395,255
10,255,794.7826087,255
10,255,797.0666667,255
9.76744186,255,799.9534884,255
9.574468085,227.8723404,802.4468085,255
9.347826087,227.2826087,803.9111111,255
9.565217391,227.2826087,804.6521739,255
10,255,804.7954545,255
9.024390244,192.804878,804.1463415,255
9.302325581,225.3488372,804.5581395,255
9.545454545,226.0227273,805.6818182,255
9.545454545,255,807.7272727,255
10,255,810.1304348,255
10,255,812.8604651,255
10,255,815.8666667,255
9.545454545,226.0227273,818.5909091,255
10,255,821.2272727,255
9.244444444,221,823.3555556,255
9.217391304,232.826087,825.1111111,255
10,255,827.6590909,255
9.347826087,226.6666667,830.3695652,255
9.090909091,197.0454545,832.6511628,255
10,255,834.6363636,255
9.534883721,255,837.6046512,255
9.130434783,227.2826087,840.9565217,255
8.844444444,181.3333333,842.6888889,255
8.818181818,243.4090909,844.6136364,255
9.866666667,255,846.5555556,255
9.446808511,233.2978723,846.3829787,255
9.022222222,192.6666667,848.0888889,255
9.130434783,199.5652174,853.4565217,255
10,255,855.9047619,255
9.069767442,195.6976744,856.372093,255
10,255,861.9333333,255
10,255,865.0697674,255
10,255,869.0232558,255
9.545454545,255,866.5909091,255
9.545454545,226.0227273,862.5681818,255
10,255,856.0238095,255
10,255,847.627907,255
9.555555556,226.6666667,840.9333333,255
10,255,838.7272727,255
10,255,839.4594595,255
9.302325581,225.3488372,842.0697674,255
9.772727273,255,846.2,255
9.304347826,206.1702128,851.5434783,255
9.608695652,249.3333333,857.4,255
9.75,255,862.8292683,255
10,255,867.0810811,255
10,255,872.5121951,255
10,255,875.7948718,255
10,255,870.1071429,255
10,255,861.7674419,255
10,255,859.1818182,255
10,255,858.0681818,255
10,255,858.1162791,255
9,208.0263158,858.8421053,255
8.975609756,205.2439024,859.8780488,255
9.111111111,227.2826087,861.4347826,255
10,255,863,255
8.571428571,194.2857143,863.1428571,255
10,255,863.6428571,255
9.772727273,255,864.4090909,255
9.565217391,227.8723404,864.9361702,255
9.565217391,227.2826087,867.0217391,255
9.76744186,255,870.1190476,255
10,255,873.2325581,255
9.534883721,225.3488372,880.6744186,255
9.024390244,194.2857143,887.452381,255
10,255,901.1904762,255
9.459459459,220.5405405,889.9210526,255
9.288888889,226.6666667,889.8409091,255
9.348837209,225.3488372,891.0681818,255
10,255,892.047619,255
9.714285714,255,884.8823529,255
9.2,204,880.6,255
9.222222222,228.1578947,874.1578947,255
9.071428571,227.6785714,874.9642857,255
9.714285714,255,880.6857143,255
9.333333333,212.5,884.7931034,255
8.888888889,255,883.2777778,255
10,255,878,255
9.117647059,217.5,875,255
8.888888889,226.6666667,873.8444444,255
9.111111111,255,870.9111111,255
10,255,871.4054054,255
8.956521739,226.6666667,874.9333333,255
8.975609756,192.804878,878.804878,255
10,255,878.3157895,255
9.162790698,219.4186047,875.3488372,255
8.325581395,201.627907,871.8372093,255
9.657142857,255,882.6388889,255
9.428571429,255,887.5588235,255
8,141.6666667,887.9333333,255
9.047619048,224.6428571,896.1190476,255
9.318181818,226.0227273,898.0454545,255
6.511627907,110.1136364,894.5909091,255
10,255,884.5909091,255
8.619047619,194.2857143,876.9512195,255
8.975609756,223.902439,891.3658537,255
8.636363636,197.0454545,892.8863636,255
9.022222222,204,894.5111111,255
8.533333333,194.0217391,898.9130435,255
9.555555556,255,894.3181818,255
8.5,226.0227273,895.3863636,255
9,232.826087,894.6086957,255
8.681818182,191.25,892.2045455,255
9.545454545,226.0227273,887,255
7.777777778,170,878.8222222,255
10,255,865.3913043,255
9.555555556,226.6666667,857.0444444,255
10,255,861.4666667,255
9.555555556,255,859.4,255
9.422222222,226.6666667,861.8,255
9,226.0227273,859.3181818,255
10,255,861.8913043,255
9.288888889,209.6666667,847.3777778,255
9.581395349,243.1395349,839.8372093,255
8.80952381,225.3488372,826.744186,255
9.777777778,255,821.2045455,255
9.652173913,232.826087,819.7826087,255
8.772727273,191.25,814.7727273,255
9.534883721,255,813.3953488,255
9.111111111,198.3333333,813.0666667,255
7.954545455,139.0909091,818.6136364,255
8.909090909,197.0454545,825.4090909,255
8,199.5652174,821.7173913,255
9.333333333,226.6666667,817.2222222,255
9.14893617,227.8723404,805.25,255
9.090909091,197.0454545,805.255814,255
8.177777778,198.3333333,808.6222222,255
8.651162791,195.6976744,805.3023256,255
7.513513514,151.6216216,809.027027,255
8.341463415,192.804878,809.4146341,255
10,255,827.8095238,255
9.555555556,226.0227273,825.6590909,255
10,255,815.6428571,255
7.857142857,133.5714286,803.4285714,255
8.4375,177.7272727,802.3333333,255
9.069767442,224.6428571,801.1162791,255
8.529411765,180,800.3030303,255
8.717948718,222.3076923,800.1282051,255
8.4,204,799.56,255
8.571428571,255,799,255
7.857142857,163.9285714,799.2,255
8.571428571,255,799,255
9.851851852,245.5555556,800.2857143,255
7.5,155.8333333,800.9142857,255
8.311111111,170,803.4666667,255
10,255,799.78125,255
8.256410256,202.6923077,794.4358974,255
8.093023256,156.4772727,802.6590909,255
8.333333333,192.804878,781.0487805,255
9.459459459,220.5405405,815.5945946,255
9.459459459,255,813.1081081,255
9.473684211,221.4473684,812.1578947,255
9.047619048,225.3488372,809.6511628,255
10,255,805.8571429,255
9.714285714,255,802.2941176,255
9.117647059,255,800.2058824,255
9.6875,255,798.03125,255
10,255,799.1818182,255
10,255,801.25,255
9.75,255,805.075,255
9.487179487,222.3076923,808.6923077,255
9.523809524,224.6428571,811.1666667,255
10,255,809.05,255
8.933333333,198.3333333,807,255
9.5,226.0227273,806.3111111,255
8.681818182,214.4318182,807.5581395,255
8.790697674,207.5581395,806.7674419,255
8.888888889,219.5833333,803.6111111,255
8.216216216,151.6216216,799.6486486,255
7.6,172.125,809.775,255
8.066666667,195.5,807.8666667,255
8.390243902,199.0243902,807.5121951,255
8.615384615,183.0769231,805.4871795,255
10,255,805.3846154,255
9.487179487,222.3076923,803.3947368,255
10,255,802.5806452,255
10,255,802.625,255
10,255,802.4473684,255
10,255,804.8666667,255
10,255,810.55,255
10,255,815.4,255
10,255,816.6216216,255
10,255,817.53125,255
10,255,820.1111111,255
9.2,201.875,822.5833333,255
10,255,825.75,255
10,255,826.5142857,255
10,255,826.1612903,255
8.87804878,197.625,828.05,255
9.666666667,249.0697674,830.0232558,255
9.545454545,225.3488372,821.8372093,255
9.333333333,226.6666667,830.2888889,255
9.473684211,221.4473684,829.6315789,255
10,255,817.7692308,255
9.707317073,236.3414634,820.4878049,255
8.05,146.625,830.15,255
8.409090909,168.0681818,834.8222222,255
8.695652174,199.5652174,830.5111111,255
10,255,835.3953488,255
10,255,831.6136364,255
10,255,819.1351351,255
10,255,825.6222222,255
8.510638298,200.7446809,840.3333333,255
8.425531915,195.3191489,839.7391304,255
9.644444444,232.3333333,835.6222222,255
8.595744681,173.6170213,833.4680851,255
9.913043478,255,829,255
8.666666667,170,827.1333333,255
9.130434783,199.5652174,830.1304348,255
9.47826087,221.7391304,836.0217391,255
9.652173913,232.826087,825.3913043,255
8.765957447,200.7446809,826.5531915,255
9.066666667,226.6666667,819.4666667,255
10,255,814.0731707,255
10,255,814.8378378,255
10,255,815.575,255
8.571428571,224.6428571,820.3809524,255
9.375,255,833.5454545,255
9.318181818,226.0227273,830.9545455,255
10,255,836.2093023,255
10,255,834.2444444,255
8.918918919,220.5405405,830.6216216,255
8.434782609,188.4782609,818.4893617,255
9.2,226.6666667,827.4,255
9.304347826,210.6521739,825.8,255
10,255,824.027027,255
8.325581395,177.9069767,822.6046512,255
8.6,191.25,812.575,255
8.186046512,207.5581395,822,255
8.217391304,166.3043478,808.7826087,255
8.222222222,170,796,255
9.023255814,207.5581395,817.8863636,255
9.761904762,255,817.6585366,255
9.302325581,225.3488372,810.0465116,255
9.487179487,222.3076923,784.8205128,255
9.14893617,227.8723404,810.1489362,255
8.571428571,224.6428571,821.952381,255
9.069767442,225.3488372,825.0465116,255
9.302325581,225.3488372,813.1860465,255
9.285714286,225.3488372,826.5581395,255
7.52173913,141.6666667,826.2222222,255
8.756756757,221.4473684,824.8157895,255
8.837209302,224.6428571,821.8095238,255
8.933333333,215.3333333,818.5777778,255
9.111111111,194.0217391,817.5,255
8.682926829,191.25,818.625,255
9.813953488,243.1395349,819.627907,255
9.302325581,255,819.4772727,255
9.545454545,255,818.5813953,255
7.954545455,141.6666667,818.2444444,255
9.782608696,255,818.0888889,255
9.523809524,255,799.0714286,255
9.136363636,226.6666667,798.2444444,255
7.909090909,136.3953488,813,255
7.860465116,195.6976744,782.1190476,255
9.047619048,236.7857143,807.9047619,255
7.904761905,151.7857143,808.5,255
9.024390244,194.2857143,807.5,255
10,255,806.8918919,255
10,255,806.9393939,255
9.523809524,224.6428571,809.4761905,255
7.454545455,150.6818182,812,255
8.619047619,183.8372093,816.3488372,255
9.319148936,211.5957447,819.1489362,255
9.363636364,243.1395349,819.8604651,255
8,170,821.2444444,255
9.545454545,226.0227273,822.5,255
9.904761905,255,817.547619,255
9.863636364,255,791.4772727,255
9.555555556,226.6666667,795.8888889,255
8.217391304,160.7608696,802.5434783,255
9.3,235.875,804.275,255
8.304347826,179.0425532,796.0851064,255
9.106382979,221.7391304,794.8478261,255
9.333333333,226.6666667,798.0666667,255
8.222222222,170,801.8444444,255
8.863636364,197.0454545,809.8181818,255
9.409090909,226.0227273,811.7272727,255
8.046511628,197.0454545,817.4318182,255
8.808510638,199.5652174,827.8085106,255
6.954545455,110.1136364,828.627907,255
8.222222222,170,812.1333333,255
8.636363636,197.0454545,811.1590909,255
7.727272727,197.0454545,805.6136364,255
8.666666667,170,817.1333333,255
7.272727273,139.0909091,824.3409091,255
8.444444444,198.3333333,832.4222222,255
8.913043478,227.2826087,814.3913043,255
8.285714286,151.7857143,814.0232558,255
7.652173913,155.2173913,810.8222222,255
8.666666667,170,826.9333333,255
7.333333333,170,826.9555556,255
7.954545455,197.0454545,828.6666667,255
8.363636364,168.0681818,829.4418605,255
8.418604651,195.6976744,829.7954545,255
9.5,223.125,826.15,255
8.8,204,790.8444444,255
7.260869565,138.5869565,782.3777778,255
8.863636364,197.0454545,780.9090909,255
10,255,793.6511628,255
10,255,801.5777778,255
10,255,784.8636364,255
9.534883721,225.3488372,783.1395349,255
9.534883721,225.3488372,781.1162791,255
10,255,781.4,255
10,255,780.212766,255
8.888888889,199.5652174,779.9347826,255
9.829787234,249.4565217,781.4347826,255
9.319148936,233.2978723,782.5744681,255
8.636363636,168.0681818,781.7777778,255
9.14893617,227.8723404,780.5652174,255
9.375,228.4375,781.6666667,255
9.688888889,255,789.6444444,255
9.422222222,226.6666667,806.4888889,255
8.636363636,197.0454545,821.7111111,255
9.777777778,255,823.5,255
9.913043478,255,825.2391304,255
9.644444444,255,826.6956522,255
9.869565217,255,827.9777778,255
9.291666667,228.4375,826.7291667,255
9.111111111,198.3333333,824.9333333,255
10,255,823.7727273,255
9.545454545,226.0227273,821.9090909,255
10,255,821.1395349,255
9.318181818,226.0227273,820,255
9.761904762,255,818.6190476,255
9.347826087,227.2826087,812.8478261,255
9.818181818,243.4090909,814.5,255
9.744680851,238.7234043,809.7446809,255
9.14893617,200.7446809,810.787234,255
9.545454545,226.0227273,813.5909091,255
8.826086957,194.0217391,812.8478261,255
9.644444444,232.3333333,811.8444444,255
10,255,807.787234,255
9.906976744,249.0697674,809.3953488,255
9.636363636,231.8181818,808.3863636,255
9.130434783,199.5652174,807.4565217,255
10,255,802.4545455,255
9.285714286,224.6428571,797.1190476,255
9.555555556,226.6666667,794.7111111,255
9.5,255,784,255
9.574468085,227.8723404,780.4893617,255
9.347826087,227.2826087,771.6956522,255
9.555555556,226.6666667,761.5555556,255
9.76744186,255,761.9302326,255
10,255,762.8863636,255
9.782608696,255,761.5869565,255
10,255,752.893617,255
10,255,745.5217391,255
10,255,740.3695652,255
10,255,737.5434783,255
9.826086957,255,734.5869565,255
8.869565217,227.2826087,730.5106383,255
10,255,727.0217391,255
9.555555556,226.0227273,723.5227273,255
10,255,720.3478261,255
9.318181818,226.0227273,716.5813953,255
9.489361702,227.8723404,710.4042553,255
9.434782609,227.8723404,701.6808511,162.7659574
8.565217391,175.6666667,690.4222222,0
9.911111111,249.3333333,678.2222222,0
9.565217391,227.2826087,667.826087,0
10,255,659.0930233,0
9.361702128,227.8723404,653.8085106,0
9.555555556,226.6666667,650.3555556,0
9.772727273,255,647.7272727,0
10,255,643.7727273,0
9.772727273,255,640.2954545,0
10,255,639.6,0
9.695652174,255,642.7826087,0
9.869565217,255,648.3777778,0
9.111111111,226.6666667,657.1086957,0
9.545454545,226.0227273,667.4883721,0
10,255,675.8913043,0
10,255,682.4468085,0
9.545454545,226.0227273,686.1590909,0
9.555555556,226.6666667,687.4090909,0
10,255,689.212766,0
10,255,692.8604651,0
8.444444444,199.5652174,699.9565217,116.4130435
10,255,707.4666667,255
9.791666667,255,713.2916667,255
9.739130435,238.3695652,719.5217391,255
9.217391304,243.9130435,725.3043478,255
9.086956522,199.5652174,729.3695652,255
10,255,729.2391304,255
9.565217391,226.6666667,723.4444444,255
9.574468085,227.8723404,713.8510638,255
10,255,704.25,226.0227273
10,255,696.4042553,0
9.76744186,255,691.3255814,0
10,255,686.7708333,0
10,255,685.4444444,0
9.111111111,226.6666667,689.1555556,0
9.574468085,227.8723404,690.8510638,0
10,255,686.1276596,0
7.872340426,173.6170213,678.3404255,0
9.574468085,228.4375,670.6875,0
9.347826087,226.6666667,666.1333333,0
9.782608696,249.5744681,663.2978723,0
8.083333333,135.6382979,659.0425532,0
9.829787234,244.1489362,653.9791667,0
10,255,649.7777778,0
9.361702128,227.8723404,645.5217391,0
9.333333333,226.6666667,639.9333333,0
9.333333333,226.6666667,636.3555556,0
9.272727273,226.0227273,638.7045455,0
9.818181818,255,651.7045455,0
8.695652174,199.5652174,670.1521739,0
8.695652174,199.5652174,684.3913043,0
9.375,228.4375,690.4166667,0
8.222222222,171.8478261,686.1521739,0
9.404255319,216.1956522,680.4565217,0
9.744680851,239.0625,678.3541667,0
9.574468085,255,675.6304348,0
9.872340426,255,681,0
9.111111111,255,691.6222222,0
9.466666667,227.2826087,708.5652174,232.826087
10,255,724.4772727,255
8.510638298,173.6170213,735.9574468,255
9.555555556,221.7391304,743.9130435,255
9.583333333,233.2978723,749.4042553,255
10,255,754,255
8.666666667,198.3333333,757.2888889,255
9.782608696,255,761,255
9.869565217,255,764.9782609,255
9.244444444,226.6666667,768.8,255
9.14893617,255,771.7021277,255
10,255,773.173913,255
10,255,774.0454545,255
8.913043478,199.5652174,774.2608696,255
9.130434783,255,773.4042553,255
7.956521739,182.9347826,771.7333333,255
9.217391304,216.1956522,768.9782609,255
9,191.25,766.35,255
9.489361702,222.4468085,763.5,255
8.808510638,179.0425532,760.9347826,255
8.913043478,199.5652174,758.8510638,255
10,255,756.1521739,255
9.555555556,226.6666667,753.2,255
8.652173913,188.4782609,749.673913,255
9.318181818,237.6136364,745.4545455,255
7.914893617,173.6170213,740.212766,255
9.787234043,255,733.2340426,255
9.574468085,227.8723404,725.5744681,255
9.777777778,255,717.7111111,255
9.361702128,227.8723404,709.4680851,255
8.936170213,200.7446809,702.1702128,189.893617
8.680851064,184.4680851,695.2340426,0
8.619047619,183.8372093,690.1395349,0
9.555555556,255,686.9545455,0
9.25,223.125,685.0243902,0
9.555555556,226.6666667,685.3181818,0
8.913043478,227.2826087,687.2173913,0
8.723404255,173.6170213,689.5416667,0
8.086956522,171.8478261,691.7173913,0
8.975609756,223.902439,693.825,0
9.555555556,226.6666667,694.8478261,0
9.130434783,255,691.6521739,0
9.25,233.2978723,683.2765957,0
8.8,194.0217391,666.8913043,0
8.166666667,162.7659574,645.7446809,0
9.531914894,238.7234043,623.8085106,0
8.409090909,168.0681818,600.0909091,0
8.510638298,196.5625,574.3958333,0
8.333333333,206.1702128,550.4255319,0
7.909090909,156.4772727,529.9555556,0
8.086956522,155.2173913,518.1555556,0
8.510638298,173.6170213,511.9148936,0
7.565217391,146.4893617,509.787234,0
7.217391304,141.6666667,511.5333333,0
8.434782609,182.9347826,520.4565217,0
7.739130435,138.5869565,534.2173913,0
8.826086957,221.7391304,548.8913043,0
8.260869565,199.5652174,561.2826087,0
9.302325581,225.3488372,573.1860465,0
6.533333333,62.33333333,584.5434783,0
7.911111111,164.3333333,590.0909091,0
7.555555556,144.1304348,591.2173913,0
7.75,135.6382979,587.9787234,0
6.954545455,121.7045455,582.7045455,0
8.170212766,184.4680851,574.7083333,0
7.617021277,189.893617,565.8478261,0
7.617021277,135.6382979,552.1041667,0
6.844444444,124.6666667,531.4318182,0
8.444444444,198.3333333,506.2666667,0
8.930232558,225.3488372,481.4186047,0
7.489361702,108.5106383,462.8723404,0
7.782608696,182.9347826,449.6304348,0
6.888888889,141.6666667,440.3111111,0
7.333333333,144.1304348,432.4782609,0
8.086956522,171.8478261,426.1304348,0
9.955555556,255,424.1333333,0
8.863636364,195.6976744,426.255814,0
8.888888889,198.3333333,432.8888889,0
9.333333333,226.6666667,441.1956522,0
8.173913043,177.3913043,450.2444444,0
7.043478261,110.8695652,458.8913043,0
7.090909091,110.1136364,468.2666667,0
8.25,164.6875,473.5957447,0
8.086956522,155.2173913,475.9148936,0
8.913043478,199.5652174,477.3333333,0
9.155555556,227.2826087,476.6086957,0
8,198.3333333,473.1111111,0
8,170,464.2,0
7.875,119.3617021,454.7446809,0
9.130434783,199.5652174,444.5869565,0
7.659574468,148.75,437,0
9.090909091,197.0454545,433.4545455,0
7.916666667,146.4893617,435.3829787,0
9.272727273,255,442.25,0
8.127659574,173.6170213,447.0851064,0
6.956521739,144.1304348,448.3913043,0
8.444444444,198.3333333,446.3555556,0
8.913043478,200.7446809,442.8723404,0
9.70212766,255,441,0
8.565217391,227.2826087,438.0652174,0
7.869565217,171.8478261,434.9787234,0
8.093023256,166.0465116,430.9047619,0
9.565217391,227.2826087,431.1521739,0
9.375,228.4375,438.4375,0
9.361702128,255,442,0
10,255,440.5434783,0
9.787234043,255,437.893617,0
8.181818182,192.6666667,434.5333333,0
9.111111111,231.8181818,430.6888889,0
10,255,428.2222222,0
9.021276596,200.7446809,427.6382979,0
8.85106383,200.7446809,427.625,0
8.978723404,189.893617,426.1086957,0
8.4,153,423.1111111,0
8.043478261,171.8478261,420.0851064,0
8.510638298,173.6170213,416.9782609,0
9.772727273,255,414.5454545,0
9.130434783,227.2826087,411.2173913,0
9.285714286,224.6428571,407.7619048,0
10,255,405.452381,0
10,255,405.9545455,0
10,255,406.2045455,0
9.574468085,255,405.826087,0
10,255,405.5,0
10,255,405.1489362,0
10,255,405.75,0
10,255,406.7272727,0
10,255,407.7804878,0
9.111111111,226.6666667,408.0444444,0
10,255,409.1333333,0
9.534883721,225.3488372,409.9772727,0
8.444444444,170,410.2666667,0
10,255,410.7826087,0
9.333333333,226.6666667,412.6888889,0
9.166666667,201.875,414.875,0
10,255,417.4772727,0
10,255,419.6,0
10,255,420.8695652,0
9.276595745,227.2826087,422.2765957,0
8.954545455,226.6666667,422.6818182,0
10,255,421.9574468,0
9.574468085,227.8723404,421.0652174,0
9.76744186,255,419.4318182,0
10,255,418.1111111,0
9.130434783,199.5652174,416.1086957,0
9.574468085,227.8723404,414.1276596,0
10,255,413.4130435,0
8.681818182,185.4545455,413.0227273,0
9.288888889,209.6666667,412.4888889,0
10,255,411.9148936,0
9.361702128,227.8723404,411.3191489,0
8.723404255,173.6170213,410.5106383,0
9.574468085,227.8723404,409.9148936,0
9.777777778,255,409.1956522,0
9.545454545,255,408.6818182,0
9.782608696,255,408.3777778,0
7.608695652,144.1304348,408.3404255,0
7.708333333,148.75,407.787234,0
8,198.3333333,407.4,0
9.574468085,227.8723404,407.3829787,0
10,255,406.0851064,0
10,255,402.4117647,0
9.469387755,234.1836735,397.8979592,0
9.914893617,249.5744681,390.6666667,0
10,255,382.5652174,0
10,255,373.7857143,0
7.627906977,148.255814,364.5581395,0
7.217391304,105.326087,356.7608696,0
8.958333333,201.875,349.2708333,0
8.088888889,158.6666667,342.4,0
6.863636364,115.9090909,335.7727273,0
8.3,165.75,328.9,0
8.8,191.25,321.575,0
8.651162791,225.3488372,315.6818182,0
7.458333333,122.1875,311.5531915,0
8.933333333,215.3333333,308.6,0
7.659574468,157.3404255,307.4255319,0
7.565217391,171.8478261,308.326087,0
8.888888889,226.6666667,310.2608696,0
9.375,228.4375,311.7446809,0
8.093023256,139.0909091,312.7954545,0
9,220.5405405,313.0540541,0
9.583333333,228.4375,312.625,0
8.977777778,243.6666667,311.2444444,0
9.489361702,238.7234043,309.0851064,0
10,255,305.1956522,0
9.487179487,222.3076923,300.7179487,0
8.888888889,198.3333333,294.6086957,0
8.888888889,198.3333333,288.2954545,0
9.545454545,255,282.4545455,0
8.372093023,166.0465116,276.3023256,0
10,255,271.4418605,0
8.913043478,227.2826087,265.5319149,0
8.85106383,200.7446809,259.4565217,0
7.695652174,144.1304348,253.5,0
7.872340426,148.75,247.1666667,0
8.958333333,227.8723404,241.0638298,0
9.14893617,201.875,234.25,0
10,255,226.9772727,0
8.888888889,198.3333333,218.2888889,0
7.391304348,144.1304348,208,0
10,255,197.3333333,0
10,255,185.6222222,0
10,255,536.8333333,0
10,255,286.9111111,0
9.361702128,227.8723404,150.8913043,0
10,255,140.1489362,0
10,255,128.9574468,0
9.574468085,227.8723404,118.6382979,0
8.208333333,180.625,108.9583333,0
9.291666667,223.125,99.85416667,0
8.979591837,202.9591837,91.20408163,0
8.541666667,201.875,84.0625,0
8.25,175.3125,77.60416667,0
8.085106383,206.1702128,71.59574468,0
7.688888889,164.3333333,67.06666667,0
8.652173913,171.8478261,63.55319149,0
9.787234043,255,60.95652174,0
8.260869565,171.8478261,58.89130435,0
10,255,56.82608696,0
9.466666667,237.6136364,54.59090909,0
9.217391304,216.1956522,52.34782609,0
7.319148936,141.0638298,49.59574468,0
7.14893617,124.787234,46.85106383,0
7.5,150.9183673,44.14285714,0
7.217391304,102,41.51111111,0
8.083333333,185.9375,38.77083333,0
8.391304348,166.3043478,36.2173913,0
8.266666667,175.6666667,33.32608696,0
6.808510638,103.0851064,31.45652174,0
7.489361702,162.7659574,29.19148936,0
8.723404255,173.6170213,27.46808511,0
8.595744681,179.0425532,26.06382979,0
9.276595745,222.4468085,24.76595745,0
9.166666667,228.4375,23.79166667,0
7.666666667,138.125,22.58333333,0
8.340425532,184.4680851,22.10638298,0
7.083333333,109.2857143,21.46938776,0
6.816326531,132.8125,21.02040816,0
6.666666667,106.25,20.46808511,0
7.409090909,162.2727273,20.36363636,0
7.304347826,121.9565217,20.12765957,0
8.285714286,182.1428571,19.91666667,0
7.829787234,162.7659574,19.66666667,0
7.458333333,159.375,19.54166667,0
8.340425532,162.7659574,19.47826087,0
8.693877551,182.1428571,19.51020408,0
6.583333333,132.8125,19.5,0
6.782608696,127.5,19.41304348,0
7.555555556,170,19.42222222,0
7.361702128,146.4893617,19.40425532,0
8.083333333,159.375,193.0208333,0
8.553191489,189.893617,644.0425532,0
6.956521739,144.1304348,654.9347826,0
6.875,148.75,657.2653061,0
8,168.1914894,656.4782609,0
7.644444444,175.6666667,653.2,0
8.958333333,201.875,651.5102041,0
7.583333333,164.6875,650.2978723,0
6.869565217,138.5869565,649.4468085,0
6.64,127.5,650.9183673,0
7.75,159.375,649.625,0
8.081632653,156.122449,648.2244898,0
7.659574468,146.4893617,637.0638298,0
7.957446809,179.0425532,626.0208333,0
7.574468085,141.0638298,50.13043478,0
7.755102041,150.9183673,36.97959184,0
7.045454545,110.1136364,124.3181818,0
8.085106383,173.6170213,129.5106383,0
8.333333333,201.875,127.9166667,0
7.545454545,150.6818182,154.8,0
7.860465116,154.1860465,155.5952381,0
8.823529412,180,152.8823529,0
6.454545455,115.9090909,151.6444444,0
9.441860465,249.2045455,153.2790698,0
8.125,200.7446809,153.8085106,0
8.043478261,171.8478261,154.5319149,0
10,255,155.3404255,0
7.659574468,119.3617021,155.2391304,0
7.391304348,146.4893617,154.9361702,0
7.32,145.7142857,152.6530612,0
7.404255319,179.0425532,152.5957447,0
8.638297872,200.7446809,154.3404255,0
7.708333333,175.3125,152.8541667,0
8.333333333,175.3125,153.4166667,0
8.085106383,173.6170213,153.4680851,0
8.739130435,200.7446809,153,0
9.958333333,255,152.8297872,0
10,255,153.0625,0
8.340425532,185.9375,152.8125,0
8.326530612,191.25,153.5,0
9.375,228.4375,153.1632653,0
8.979591837,228.9795918,153.5625,0
9.875,249.6875,153,0
8.638297872,179.0425532,153.1041667,0
9.434782609,232.826087,153.1333333,0
9.306122449,223.7755102,153.5510204,0
8.775510204,176.9387755,153.9387755,0
9.591836735,228.9795918,153.877551,0
9.319148936,211.5957447,153.7234043,0
8.765957447,217.0212766,153.7083333,0
9.375,228.4375,153.9148936,0
9.574468085,227.8723404,154.1041667,0
8.75,175.3125,153.9574468,0
8.260869565,144.1304348,153.5217391,0
9.791666667,255,153.0625,0
8.29787234,200.7446809,152.8510638,0
8.163265306,176.9387755,152.8979592,0
9.14893617,200.7446809,153.1489362,0
8.708333333,185.9375,154,0
8.857142857,208.1632653,153.6938776,0
9.106382979,238.7234043,154.0638298,0
8.75,201.875,154.2653061,0
8.333333333,197.755102,154.625,0
8.541666667,206.1702128,155.0212766,0
8.681818182,181.3333333,154.9555556,0
8.93877551,217.8125,154.0625,0
8.695652174,199.5652174,153.8695652,0
8.510638298,227.8723404,153.5319149,0
7.5,201.875,152.5833333,0
8.913043478,199.5652174,153.826087,0
7.5,148.75,153.3125,0
8.977777778,221,153.0444444,0
8.936170213,233.2978723,153.212766,0
8.638297872,200.7446809,153.0212766,0
10,255,153.6444444,0
8.043478261,200.7446809,153.4255319,0
9.319148936,210.6521739,153.5652174,0
8,156.4772727,154.3181818,0
8.541666667,175.3125,154.5625,0
9.111111111,198.3333333,154.1555556,0
9.111111111,198.3333333,154.9777778,0
8.444444444,226.6666667,154.2222222,0
8.695652174,171.8478261,154.0869565,0
7.695652174,160.7608696,154.5744681,0
8.755555556,194.0217391,155.0666667,0
7.755102041,164.6875,155.0833333,0
8.208333333,201.875,155.5,0
7.5,135.3061224,155.122449,0
8.291666667,189.893617,155.1276596,0
8.47826087,173.6170213,154.787234,0
9.791666667,255,154.1666667,0
8.775510204,202.9591837,154.5625,0
8.723404255,173.6170213,154.1875,0
8.75,175.3125,154.2340426,0
9.387755102,228.9795918,154.8571429,0
8.133333333,170,154.6086957,0
8.208333333,201.875,154.3829787,0
8.936170213,227.8723404,154.2291667,0
8.510638298,173.6170213,154.5217391,0
7.591836735,135.3061224,154.0408163,0
5.791666667,58.4375,153.7083333,0
10,255,153.9782609,0
10,255,154.212766,0
10,255,154.8085106,0
9.545454545,226.0227273,154.2727273,0
9.14893617,227.8723404,154.7446809,0
9.510204082,223.7755102,154.4081633,0
8.130434783,149.673913,154.1956522,0
7.083333333,95.625,154.0416667,0
9.333333333,227.2826087,153.2173913,0
9.565217391,226.6666667,154.7555556,0
8.571428571,202.9591837,155.9183673,0
7.916666667,175.3125,155.7142857,0
8.936170213,200.7446809,111.1521739,0
8.489795918,208.1632653,48.83673469,0
8.782608696,194.0217391,46.04347826,0
8.64516129,189.1935484,43.96774194,0
7.914893617,162.7659574,44.25531915,0
7.608695652,199.5652174,44.65217391,0
8.723404255,227.8723404,44.9787234,0
9.285714286,224.6428571,45.04761905,0
9.488372093,237.2093023,45.3255814,0
9.155555556,215.3333333,45.39130435,0
10,255,45.13636364,0
10,255,44.86363636,0
10,255,44.63414634,0
9.391304348,227.2826087,44.5106383,0
9.957446809,255,44.44680851,0
9.555555556,226.0227273,44.45454545,0
9.565217391,227.2826087,44.41304348,0
10,255,44.55555556,0
10,255,44.48837209,0
10,255,44.59090909,0
10,255,44.97674419,0
10,255,45.15555556,0
10,255,44.64285714,0
10,255,44.63829787,0
10,255,44.56521739,0
10,255,44.36170213,0
10,255,44.13333333,0
9.555555556,255,45.13636364,0
9.565217391,227.2826087,45.5106383,0
9.565217391,227.8723404,45.23913043,0
10,255,45.04347826,0
10,255,44.6,0
10,255,44.6,0
10,255,44.32608696,0
9.555555556,226.0227273,44.59090909,0
10,255,44.43181818,0
10,255,43.95348837,0
9.2,199.5652174,44.26086957,0
9.47826087,255,43.7826087,0
10,255,43.54761905,0
10,255,43.42857143,0
9.375,228.4375,43.5,0
9.652173913,232.826087,43.34782609,0
9.913043478,249.4565217,42.91489362,0
10,255,43.2826087,0
10,255,43.26666667,0
10,255,43,0
9.555555556,226.6666667,43.28888889,0
9.534883721,225.3488372,43,0
10,255,43.16666667,0
9.681818182,249.2045455,42.72727273,0
9.652173913,232.826087,42.69565217,0
10,255,42.80434783,0
9.782608696,255,42.47826087,0
9.565217391,227.2826087,42.43478261,0
10,255,42.22222222,0
10,255,41.88888889,0
10,255,41.91304348,0
9.826086957,243.9130435,41.72340426,0
9.319148936,211.5957447,41.45652174,0
9.534883721,225.3488372,41.56818182,0
10,255,41.04444444,0
10,255,41.0952381,0
9.913043478,249.4565217,41.23913043,0
9.2,204,41.48888889,0
9.318181818,226.0227273,41.15909091,0
10,255,40.88888889,0
10,255,40.8372093,0
10,255,40.7826087,0
10,255,40.77777778,0
9.727272727,237.6136364,40.90909091,0
9.391304348,216.1956522,41.08510638,0
10,255,41.22222222,0
10,255,41.66666667,0
10,255,41.97826087,0
10,255,42.54347826,0
10,255,43.34042553,0
10,255,43.41304348,0
10,255,44.06666667,0
9.565217391,255,44.26666667,0
10,255,44.2173913,0
10,255,44.58695652,0
10,255,44.5,0
10,255,44.25581395,0
10,255,44.04444444,0
10,255,43.36170213,0
10,255,43.47916667,0
10,255,43.81395349,0
10,255,43.65217391,0
8.837209302,195.6976744,43.65116279,0
10,255,44.45652174,0
9.833333333,255,44.4893617,0
9.739130435,255,44.5106383,0
10,255,44.97826087,0
10,255,45.2,0
10,255,45.35555556,0
10,255,45.59090909,0
10,255,45.55319149,0
10,255,45.63636364,0
10,255,45.52272727,0
10,255,45.29787234,0
10,255,45,0
10,255,44.4893617,0
10,255,44.2173913,0
10,255,523.2340426,0
9.782608696,255,623.7333333,0
9.555555556,255,418.8,0
10,255,121.2972973,0
10,255,157.9782609,0
9.111111111,226.6666667,161.9333333,0
10,255,160.2888889,0
9.333333333,226.6666667,75.44444444,0
10,255,45.53658537,0
9.534883721,225.3488372,43.6744186,0
10,255,43.55813953,0
10,255,42.76190476,0
10,255,42.26190476,0
10,255,42,0
10,255,41.82051282,0
8.372093023,168.0681818,41.3255814,0
10,255,41.21212121,0
9.705882353,255,40.24242424,0
10,255,40.41025641,0
10,255,40.16666667,0
9.9,255,40.575,0
9.644444444,255,40.34090909,0
10,255,40.5,0
9.487179487,222.3076923,40.375,0
10,255,41.11904762,0
10,255,41.23684211,0
9.302325581,225.3488372,42,0
9.523809524,224.6428571,42.5,0
10,255,43.51219512,0
10,255,44.44680851,0
10,255,44.3902439,0
10,255,44.48888889,0
10,255,44.44736842,0
8.928571429,207.7777778,44.46428571,0
9.720930233,237.2093023,44.97619048,0
9.818181818,243.4090909,45.52272727,0
9.954545455,255,46.27272727,0
9.243243243,220.5405405,46.24324324,0
10,255,46.14634146,0
9.487179487,222.3076923,46.02564103,0
9.833333333,255,45.66666667,0
9.5,255,45.5,0
9.268292683,223.902439,45.46341463,0
9.428571429,218.5714286,45.25714286,0
10,255,45.09302326,0
9.583333333,228.4375,44.9375,0
9.545454545,255,45.09090909,0
10,255,45.08695652,0
10,255,44.85106383,0
9.347826087,227.8723404,45.25531915,0
9.914893617,249.4565217,45.2173913,0
9.234042553,233.2978723,45.4893617,0
10,255,45.65217391,0
9.574468085,227.8723404,46.29787234,0
10,255,507.5319149,0
10,255,674.4,0
10,255,686.7608696,0
10,255,687.5681818,0
9.565217391,255,682.9565217,0
10,255,678.6444444,0
10,255,674.1818182,0
10,255,674.4090909,0
10,255,677,0
10,255,677.8,0
9.565217391,255,676.9130435,0
9.565217391,227.2826087,678.6956522,0
10,255,677.7209302,0
10,255,677.5744681,0
9.545454545,226.0227273,676.4090909,0
10,255,677.2,0
9.565217391,255,676.5,0
9.761904762,255,675.8095238,0
10,255,676.3,0
10,255,676.6888889,0
9.347826087,227.2826087,676.4782609,0
9.782608696,255,676.5319149,0
10,255,671.1190476,0
10,255,683.9777778,0
10,255,305.1555556,0
10,255,46.11363636,0
10,255,45.275,0
10,255,44.81818182,0
10,255,44.40909091,0
9.777777778,255,202.0444444,0